id,name,type,description,source_documents
"30cd00ab-7e08-4788-a839-4fbc3fd93a77","Office_Prompt_Library_Design.md","document","办公场景文档: OpenCopilot 办公场景 Prompt 库设计与工具调用能力完善方案","Office_Prompt_Library_Design.md|Project_Documentation_Overview.md"
"928afc21-8f0b-4ab5-b887-aec29ed8ec6a","ASU Custom Agent","component","智能体核心代码","Office_Prompt_Library_Design.md|Test_Results_Report.md|USER_GUIDE.md|OpenCopilot_Custom_Agent_Guide.md|OpenCopilot_Development_TODO.md|OpenCopilot_Code_Review_Report.md|Office_UI_Iteration_Plan.md|Test_Capability_Report.md|README.md|Testing_Tools_Guide.md|Project_Documentation_Overview.md|OpenCopilot_Daemon_Deployment_Plan.md|OpenCopilot_Local_Agent_Roadmap.md|AI_Coding_Assistants_Comparison.md|System_Running_Guide.md|docs/PPT_CoCreation_Design.md|test_docs/tech_spec.md|test_docs/TEST_REPORT.md"
"a7044135-6ccf-4e0d-b4a9-58447d660b67","Persona System","component","角色人设系统","Office_Prompt_Library_Design.md|USER_GUIDE.md|OpenCopilot_Custom_Agent_Guide.md|OpenCopilot_Development_TODO.md|README.md|OpenCopilot_Next_Gen_Roadmap.md|Project_Documentation_Overview.md|Office_UI_Optimization_Suggestions.md|Scoring_Workflow_Example.md|Office_Assistant_Comparison.md|OpenCopilot_Local_Agent_Roadmap.md|System_Running_Guide.md|test_docs/TEST_REPORT.md"
"1296d8fb-b2f3-4208-92a0-6776d3afe1a0","default.md","config","Markdown文档: default.md","Office_Prompt_Library_Design.md"
"f58e3065-70cf-44dd-8b98-70ad512c35e0","code.md","config","Markdown文档: code.md","Office_Prompt_Library_Design.md"
"4cce5e9d-abfc-474d-9962-b8427beaed5f","translate.md","config","Markdown文档: translate.md","Office_Prompt_Library_Design.md"
"d3bbbe0f-76c9-4d63-94fd-ad5322ea9865","polish.md","config","Markdown文档: polish.md","Office_Prompt_Library_Design.md"
"1f96e2a9-6d89-4ad9-be5a-3d56e1cbc768","custom.md","config","Markdown文档: custom.md","Office_Prompt_Library_Design.md"
"157c1ef6-d00f-4086-ae0d-420cfb299951","revision.md","config","Markdown文档: revision.md","Office_Prompt_Library_Design.md"
"b02dd5bf-fbfc-4e24-a5b8-12fff76b44c9","Office_UI_User_Guide.md","document","办公场景文档: OpenCopilot 办公场景 UI 使用指南","Office_UI_User_Guide.md|Project_Documentation_Overview.md"
"7628b6ca-a17b-40f3-915d-bbcdfb0ae558","SSE","feature","Server-Sent Events","Office_UI_User_Guide.md|Smart_Copilot_API_Guide.md|OpenCopilot_Custom_Agent_Guide.md|Phase3_Testing_Guide.md|OpenCopilot_Development_TODO.md|OpenCopilot_Code_Review_Report.md|Office_UI_Iteration_Plan.md|Test_Running_Guide.md|PPT_CoCreation_Improvement_Plan.md|Phase2_Testing_Guide.md|Test_Capability_Report.md|Testing_Tools_Guide.md|PPT_CoCreation_Improvement_Master_Plan.md|Project_Documentation_Overview.md|Phase1_Testing_Guide.md|Smart_Copilot_API_Redesign.md|Phase4_Testing_Guide.md|OpenCopilot_Local_Agent_Roadmap.md|PPT_CoCreation_UI_Improvement_Detailed.md|PPT_CoCreation_API_Design.md|docs/PPT_CoCreation_Design.md|venv/lib/python3.14/site-packages/fastapi/.agents/skills/fastapi/SKILL.md|venv/lib/python3.14/site-packages/fastapi/.agents/skills/fastapi/references/dependencies.md|venv/lib/python3.14/site-packages/fastapi/.agents/skills/fastapi/references/streaming.md"
"490f7d45-aae7-48f6-8273-38219b87be62","Test_Results_Report.md","document","测试文档文档: OpenCopilot 项目测试结果报告","Test_Results_Report.md|Template_Quality_Summary.md"
"5f72b02b-e94d-420d-a176-d56a470395f3","Smart_Copilot_API_Guide.md","document","API文档文档: Smart Copilot 能力平台 API 使用指南","Smart_Copilot_API_Guide.md|IDE_Extension_Development_Guide.md|Project_Documentation_Overview.md|Smart_Copilot_API_Redesign.md"
"c35c1063-ca5c-41aa-a522-5626b94408fc","Smart Copilot Platform","component","能力平台API","Smart_Copilot_API_Guide.md|Project_Documentation_Overview.md|Smart_Copilot_API_Redesign.md"
"f56665a9-8fda-4593-8ad8-fee1705fc488","/api/execute","api","REST API: /api/execute","Smart_Copilot_API_Guide.md|Smart_Copilot_API_Redesign.md"
"4d78952a-648b-49a5-8a56-7a94c06f86ef","/health","api","REST API: /health","Smart_Copilot_API_Guide.md|OpenCopilot_Custom_Agent_Guide.md|README.md|OpenCopilot_Local_Agent_Roadmap.md|OpenCopilot_Broker_Development_Guide.md"
"bb4cc373-e902-4031-99c2-82d4993805b3","/api/context/current","api","Context API: /api/context/current","Smart_Copilot_API_Guide.md|Smart_Copilot_API_Redesign.md"
"cf8704e5-77a7-4ef2-84db-089cc9ad6b17","/api/context/inject","api","Context API: /api/context/inject","Smart_Copilot_API_Guide.md|Smart_Copilot_API_Redesign.md"
"e595f73f-6e93-4845-b489-4a1e775c21d8","/api/context/history","api","Context API: /api/context/history","Smart_Copilot_API_Guide.md"
"206b8271-e371-4eb8-9199-906942b894dc","/api/execute/stream","api","REST API: /api/execute/stream","Smart_Copilot_API_Guide.md"
"f9ff865f-5665-44c7-a961-6c306500b789","/api/probe/status","api","REST API: /api/probe/status","Smart_Copilot_API_Guide.md|Smart_Copilot_API_Redesign.md"
"203fb769-1158-4d40-867f-ef987d46a530","/api/probe/clipboard","api","REST API: /api/probe/clipboard","Smart_Copilot_API_Guide.md|Smart_Copilot_API_Redesign.md"
"96be8a2e-8a21-4c17-9760-2aa51a9bf10b","/api/probe/selection","api","REST API: /api/probe/selection","Smart_Copilot_API_Guide.md|Smart_Copilot_API_Redesign.md"
"e0f99499-3a45-41b2-bd14-306fa0ab5b71","/api/probe/ide/context","api","REST API: /api/probe/ide/context","Smart_Copilot_API_Guide.md|Smart_Copilot_API_Redesign.md"
"78dce912-512a-48f3-bf0c-f46379b8da34","/api/probe/browser","api","REST API: /api/probe/browser","Smart_Copilot_API_Guide.md"
"30d1b11b-a335-4db3-88b4-2f87bf4cbeb0","/api/ppt/generate","api","PPT API: /api/ppt/generate","Smart_Copilot_API_Guide.md|PPT_CoCreation_Improvement_Master_Plan.md|Smart_Copilot_API_Redesign.md|PPT_CoCreation_API_Design.md"
"29918a91-4bcb-4c1b-8617-91a024df77a2","/api/ppt/from-context","api","PPT API: /api/ppt/from-context","Smart_Copilot_API_Guide.md|Smart_Copilot_API_Redesign.md"
"0e6afe87-4fee-4ca5-b90d-a94d14a41531","/ws/events","api","REST API: /ws/events","Smart_Copilot_API_Guide.md"
"04f46ad6-8ddc-48f6-a4aa-0bfcc2d14d4a","smart_copilot_platform.py","config","Python配置文件: smart_copilot_platform.py","Smart_Copilot_API_Guide.md|Project_Documentation_Overview.md|Smart_Copilot_API_Redesign.md"
"969da712-c075-40da-a328-b21d5296d2ff","Smart_Copilot_API_Redesign.md","config","Markdown文档: Smart_Copilot_API_Redesign.md","Smart_Copilot_API_Guide.md|OpenCopilot_Development_TODO.md|Project_Documentation_Overview.md|Smart_Copilot_API_Redesign.md"
"2393a338-987c-45fa-b12d-53e5b7189902","Context Management","feature","上下文管理","Smart_Copilot_API_Guide.md|OpenCopilot_Architecture_Context_Extraction.md|OpenCopilot_Custom_Agent_Guide.md|Phase3_Testing_Guide.md|OpenCopilot_Development_TODO.md|README.md|OpenCopilot_Next_Gen_Roadmap.md|PPT_CoCreation_Improvement_Master_Plan.md|Project_Documentation_Overview.md|PPT_CoCreation_Improvement_Strategy.md|OpenCopilot_Global_Context_Awareness_Design.md|Smart_Copilot_API_Redesign.md|Office_Assistant_Comparison.md|OpenCopilot_Local_Agent_Roadmap.md|AI_Coding_Assistants_Comparison.md|PPT_CoCreation_UI_Improvement_Detailed.md|PPT_CoCreation_API_Design.md|System_Running_Guide.md|test_docs/tech_spec.md|test_docs/TEST_REPORT.md"
"8673761d-fb0f-421b-83e8-3f4e7b2e1ad1","WebSocket","feature","WebSocket通信","Smart_Copilot_API_Guide.md|OpenCopilot_Architecture_Context_Extraction.md|OpenCopilot_Custom_Agent_Guide.md|README.md|OpenCopilot_Next_Gen_Roadmap.md|Project_Documentation_Overview.md|OpenCopilot_Daemon_Deployment_Plan.md|Smart_Copilot_API_Redesign.md|OpenCopilot_Local_Agent_Roadmap.md|AI_Coding_Assistants_Comparison.md|OpenCopilot_Broker_Development_Guide.md|PPT_CoCreation_API_Design.md|personas/translation/technical.md"
"87454ce3-9064-4ce5-8584-73ebac5b5eb5","USER_GUIDE.md","document","用户指南文档: OpenCopilot 用户说明书","USER_GUIDE.md|Project_Documentation_Overview.md"
"6b487498-aa67-48bf-9cd9-3a284f4c880c","IDE Extension","component","IDE扩展模块","USER_GUIDE.md|OpenCopilot_Architecture_Context_Extraction.md|IDE_Extension_Development_Guide.md|README.md|Project_Documentation_Overview.md|OpenCopilot_Local_Agent_Roadmap.md|AI_Coding_Assistants_Comparison.md|System_Running_Guide.md|test_docs/tech_spec.md"
"a4ddaf39-b890-45fb-bdb9-38659c8b14a2","/tmp/asu_ide_port.txt","api","REST API: /tmp/asu_ide_port.txt","USER_GUIDE.md|IDE_Extension_Development_Guide.md"
"93740cc2-8970-4a13-a299-4bc369f68ca1","python asu_custom_agent.py","config","Python配置文件: python asu_custom_agent.py","USER_GUIDE.md|OpenCopilot_Custom_Agent_Guide.md|OpenCopilot_Daemon_Deployment_Plan.md"
"cbc4b602-8427-4c52-beea-a6b47f5cdd1c","cd asu_broker && python run.py","config","Python配置文件: cd asu_broker && python run.py","USER_GUIDE.md|OpenCopilot_Daemon_Deployment_Plan.md"
"602563db-abc6-4806-a9e8-9bd4888dfe18","Multimodal","feature","多模态感知","USER_GUIDE.md|OpenCopilot_Custom_Agent_Guide.md|OpenCopilot_Development_TODO.md|UI_Architecture_Guide.md|UI_Components_Integration_Guide.md|README.md|OpenCopilot_Next_Gen_Roadmap.md|OpenCopilot_Global_Context_Awareness_Design.md|OpenCopilot_Local_Agent_Roadmap.md|OpenCopilot_Broker_Development_Guide.md|System_Running_Guide.md|docs/PPT_CoCreation_Design.md"
"c450dc3b-1fe0-4efa-b1af-1c2545ad637d","OpenCopilot_Architecture_Context_Extraction.md","document","架构设计文档: OpenCopilot 全场景智能上下文获取方案 (Architecture Proposal)","OpenCopilot_Architecture_Context_Extraction.md|IDE_Extension_Development_Guide.md|Project_Documentation_Overview.md"
"c6d4e654-d925-4de2-bf47-773b20ac735e","Smart Copilot UI","component","主程序UI","OpenCopilot_Architecture_Context_Extraction.md|OpenCopilot_Custom_Agent_Guide.md|OpenCopilot_Development_TODO.md|OpenCopilot_Code_Review_Report.md|UI_Architecture_Guide.md|UI_Components_Integration_Guide.md|Phase2_Testing_Guide.md|Test_Capability_Report.md|README.md|OpenCopilot_Next_Gen_Roadmap.md|Project_Documentation_Overview.md|UI_Improvement_Suggestions.md|OpenCopilot_Daemon_Deployment_Plan.md|Office_UI_Optimization_Suggestions.md|Phase4_Testing_Guide.md|OpenCopilot_Local_Agent_Roadmap.md|AI_Coding_Assistants_Comparison.md|OpenCopilot_Broker_Development_Guide.md|System_Running_Guide.md|test_docs/tech_spec.md|test_docs/TEST_REPORT.md|test_docs/mixed_release_note.md"
"2499f2ff-d2dc-474d-8ae1-3cde750d44d7","Context Envelope","component","统一上下文协议","OpenCopilot_Architecture_Context_Extraction.md|OpenCopilot_Custom_Agent_Guide.md|OpenCopilot_Development_TODO.md|Project_Documentation_Overview.md|OpenCopilot_Local_Agent_Roadmap.md|AI_Coding_Assistants_Comparison.md"
"e7a2163b-2347-4553-8bc2-acdb1e07d9c9","smart_copilot.py","config","Python配置文件: smart_copilot.py","OpenCopilot_Architecture_Context_Extraction.md|OpenCopilot_Development_TODO.md|OpenCopilot_Code_Review_Report.md|UI_Architecture_Guide.md|Phase2_Testing_Guide.md|OpenCopilot_Next_Gen_Roadmap.md|Project_Documentation_Overview.md|OpenCopilot_Daemon_Deployment_Plan.md|Phase4_Testing_Guide.md|OpenCopilot_Local_Agent_Roadmap.md|OpenCopilot_Broker_Development_Guide.md|test_docs/mixed_release_note.md"
"fd313414-76c2-4551-af5f-8ae5eb9197de","Session Persistence","feature","会话持久化","OpenCopilot_Architecture_Context_Extraction.md|OpenCopilot_Development_TODO.md|README.md|OpenCopilot_Next_Gen_Roadmap.md|OpenCopilot_Local_Agent_Roadmap.md|AI_Coding_Assistants_Comparison.md"
"cd6ee34a-e1ff-43d1-a800-715898f2a752","LaunchAgent","feature","macOS LaunchAgent部署","OpenCopilot_Architecture_Context_Extraction.md|OpenCopilot_Custom_Agent_Guide.md|README.md|Project_Documentation_Overview.md|OpenCopilot_Daemon_Deployment_Plan.md|OpenCopilot_Local_Agent_Roadmap.md|OpenCopilot_Broker_Development_Guide.md|System_Running_Guide.md|test_docs/tech_spec.md"
"fec5506c-72df-4575-9e72-a007ff4a6bb2","Test_Cases_Design.md","document","测试文档文档: OpenCopilot 测试用例设计文档","Test_Cases_Design.md"
"1fbf66f6-e527-4d7a-97de-9a5536e34e09","OpenCopilot_Custom_Agent_Guide.md","document","架构设计文档: OpenCopilot 定制智能体 (Custom Agent) 开发与使用指南","OpenCopilot_Custom_Agent_Guide.md|Project_Documentation_Overview.md"
"82969b65-6269-4969-9386-4bc6671fc45f","Context Window Manager","component","上下文窗口管理器","OpenCopilot_Custom_Agent_Guide.md|OpenCopilot_Next_Gen_Roadmap.md|Project_Documentation_Overview.md|OpenCopilot_Local_Agent_Roadmap.md"
"db63fef5-bc97-4944-8a5e-855a2ec1349f","/v1/agent/chat","api","Agent API: /v1/agent/chat","OpenCopilot_Custom_Agent_Guide.md|OpenCopilot_Development_TODO.md|OpenCopilot_Local_Agent_Roadmap.md|test_docs/TEST_REPORT.md"
"b8255257-65d1-4e47-a41c-7813aca2c4e6","/diagnostics、/git-diff","api","REST API: /diagnostics、/git-diff","OpenCopilot_Custom_Agent_Guide.md"
"9fdffba1-9bbb-4be3-be45-0f54d76c863c","config.json","config","JSON配置文件: config.json","OpenCopilot_Custom_Agent_Guide.md|OpenCopilot_Development_TODO.md|Project_Documentation_Overview.md|OpenCopilot_Local_Agent_Roadmap.md|test_docs/mixed_release_note.md"
"087911f1-ba0e-411d-b178-bd806f8e3f62","asu_custom_agent.py","config","Python配置文件: asu_custom_agent.py","OpenCopilot_Custom_Agent_Guide.md|OpenCopilot_Development_TODO.md|OpenCopilot_Code_Review_Report.md|README.md|Project_Documentation_Overview.md|OpenCopilot_Daemon_Deployment_Plan.md|OpenCopilot_Local_Agent_Roadmap.md|docs/PPT_CoCreation_Design.md"
"00c7a500-49f7-41bf-ad23-19d32b712105","llm_provider.py","config","Python配置文件: llm_provider.py","OpenCopilot_Custom_Agent_Guide.md"
"541015ab-14c2-4cfc-a9e4-5617104b4d8d","personas/code.md","config","Markdown文档: personas/code.md","OpenCopilot_Custom_Agent_Guide.md|personas/code.md"
"01aab334-cd03-41ed-94c5-217f7ee4b96e","personas/translate.md","config","Markdown文档: personas/translate.md","OpenCopilot_Custom_Agent_Guide.md|Office_Assistant_Comparison.md|personas/translate.md"
"f41d6507-ba5b-4a66-a89c-2045617857a4","personas/custom.md","config","Markdown文档: personas/custom.md","OpenCopilot_Custom_Agent_Guide.md|Office_Assistant_Comparison.md|personas/custom.md"
"e6cbd36d-0a0d-4433-861b-2cacd6e8217a","personas/revision.md","config","Markdown文档: personas/revision.md","OpenCopilot_Custom_Agent_Guide.md|test_docs/TEST_REPORT.md|personas/revision.md"
"83f73ff6-ff8a-4ef2-b811-3d73f4cc4d03","Vision Perception","feature","视觉感知","OpenCopilot_Custom_Agent_Guide.md|OpenCopilot_Development_TODO.md|README.md|OpenCopilot_Next_Gen_Roadmap.md"
"f582773f-ea19-469c-9e35-b8b517049f76","Quality_Evaluation_Framework.md","document","质量评估文档: OpenCopilot 划词功能质量评价框架","Quality_Evaluation_Framework.md|Template_Quality_Summary.md|Project_Documentation_Overview.md"
"c67b2300-9129-4113-be19-2139dc83838e","tools/evaluation_tools.py","config","Python配置文件: tools/evaluation_tools.py","Quality_Evaluation_Framework.md|Template_Quality_Summary.md|Project_Documentation_Overview.md"
"90b0f504-29c1-42d0-b58c-9b6cc066c3e9","evaluation_demo.py","config","Python配置文件: evaluation_demo.py","Quality_Evaluation_Framework.md|Template_Quality_Summary.md"
"48f72a3c-7565-4930-aa89-c72b0ffd61d6","Template_Quality_Report.md","config","Markdown文档: Template_Quality_Report.md","Quality_Evaluation_Framework.md|Template_Quality_Summary.md|Project_Documentation_Overview.md|Template_Quality_Report.md"
"0c30c58b-0d50-4c27-8f80-90e855215b63","Scoring_Detail_Report.md","config","Markdown文档: Scoring_Detail_Report.md","Quality_Evaluation_Framework.md|Project_Documentation_Overview.md|Scoring_Detail_Report.md"
"54a54bce-a294-4713-9769-ad64e5076bb2","Scoring_Workflow_Example.md","config","Markdown文档: Scoring_Workflow_Example.md","Quality_Evaluation_Framework.md|Project_Documentation_Overview.md|Scoring_Workflow_Example.md"
"9d5451d0-d4c2-46c7-9b12-c636486dcc2e","Template_Quality_Summary.md","document","质量评估文档: OpenCopilot 模板质量评估汇总报告","Template_Quality_Summary.md|Project_Documentation_Overview.md"
"d8e24531-75b0-4ed8-a0e2-5547f873b676","tools/prompt_tools.py","config","Python配置文件: tools/prompt_tools.py","Template_Quality_Summary.md"
"d7a81c0d-555f-48d6-9853-8aafa07333da","evaluate_templates.py","config","Python配置文件: evaluate_templates.py","Template_Quality_Summary.md"
"434f15db-2a7a-4eeb-8f90-24e64c2e8ca1","Phase3_Testing_Guide.md","document","测试文档文档: 阶段3 UI组件测试指南","Phase3_Testing_Guide.md|Phase4_Testing_Guide.md"
"d5c683b4-73c5-419c-ac19-032669db597d","Phase1_Testing_Guide.md","config","Markdown文档: Phase1_Testing_Guide.md","Phase3_Testing_Guide.md|Phase2_Testing_Guide.md|Phase4_Testing_Guide.md|Phase1_Testing_Guide.md"
"47fd576c-6308-4b03-87a4-70cf01c15339","Phase2_Testing_Guide.md","config","Markdown文档: Phase2_Testing_Guide.md","Phase3_Testing_Guide.md|Phase4_Testing_Guide.md|Phase2_Testing_Guide.md"
"dbbf6298-f99f-4287-ba9d-70df5313a83e","Office_UI_Iteration_Plan.md","config","Markdown文档: Office_UI_Iteration_Plan.md","Phase3_Testing_Guide.md|Phase2_Testing_Guide.md|Project_Documentation_Overview.md|Phase4_Testing_Guide.md|Office_UI_Iteration_Plan.md"
"5389a747-badf-4f5f-bf7a-249678e94a5b","Office_UI_Optimization_Suggestions.md","config","Markdown文档: Office_UI_Optimization_Suggestions.md","Phase3_Testing_Guide.md|Phase2_Testing_Guide.md|Project_Documentation_Overview.md|Office_UI_Optimization_Suggestions.md"
"1c66967b-05d0-41a9-b4dd-031c920443a3","OpenCopilot_Development_TODO.md","document","架构设计文档: OpenCopilot 后续开发方向 TODO","OpenCopilot_Development_TODO.md"
"895a1b5b-94ea-4839-bb68-1a30283471d2","/v1/agent/session/clear","api","Agent API: /v1/agent/session/clear","OpenCopilot_Development_TODO.md|OpenCopilot_Local_Agent_Roadmap.md"
"e85bdf45-bfaa-4a2a-8f2b-f7e82441380c","/v1/agent/sessions","api","Agent API: /v1/agent/sessions","OpenCopilot_Development_TODO.md|OpenCopilot_Local_Agent_Roadmap.md"
"ff9f1c40-8628-46c8-a961-a695999bc1b6","/v1/agent/personas","api","Agent API: /v1/agent/personas","OpenCopilot_Development_TODO.md|OpenCopilot_Local_Agent_Roadmap.md"
"04a3d9b3-8d06-4729-b77c-c36f53fb8b8e","/v1/agent/personas/reload","api","Agent API: /v1/agent/personas/reload","OpenCopilot_Development_TODO.md|OpenCopilot_Local_Agent_Roadmap.md"
"9b4515b4-2c9f-425e-afcf-ba847e2bc3be","/diagnostics","api","REST API: /diagnostics","OpenCopilot_Development_TODO.md|IDE_Extension_Development_Guide.md|OpenCopilot_Local_Agent_Roadmap.md|System_Running_Guide.md"
"aab3196f-0c01-494c-8e86-c63dc2687c9d","/git-diff","api","REST API: /git-diff","OpenCopilot_Development_TODO.md|IDE_Extension_Development_Guide.md|OpenCopilot_Local_Agent_Roadmap.md"
"916109d7-1e7f-40e8-af9e-cbd5dc292fa0","/symbol","api","REST API: /symbol","OpenCopilot_Development_TODO.md|IDE_Extension_Development_Guide.md|OpenCopilot_Local_Agent_Roadmap.md|System_Running_Guide.md"
"d79fa913-64a4-4ac5-9525-ed7943663cba","/workspace","api","REST API: /workspace","OpenCopilot_Development_TODO.md|OpenCopilot_Local_Agent_Roadmap.md"
"aac97ae6-a2ff-420a-8438-a45d3f57e6dc","/api/batch/{batch_id}/status","api","REST API: /api/batch/{batch_id}/status","OpenCopilot_Development_TODO.md|Smart_Copilot_API_Redesign.md"
"7e42c805-ad11-4010-8cf2-eeb095e9ed61","/18791","api","REST API: /18791","OpenCopilot_Development_TODO.md|OpenCopilot_Code_Review_Report.md"
"849bd401-e858-49b8-b80a-06e789ec492e","OpenCopilot_Next_Gen_Roadmap.md","config","Markdown文档: OpenCopilot_Next_Gen_Roadmap.md","OpenCopilot_Development_TODO.md|Project_Documentation_Overview.md|OpenCopilot_Next_Gen_Roadmap.md"
"27c319df-2d57-4357-a7aa-58f9ea08bee3","OpenCopilot_Local_Agent_Roadmap.md","config","Markdown文档: OpenCopilot_Local_Agent_Roadmap.md","OpenCopilot_Development_TODO.md|Project_Documentation_Overview.md|OpenCopilot_Local_Agent_Roadmap.md"
"c44b6f67-b4dc-4249-a02b-6d1c5309a619","OpenCopilot_Global_Context_Awareness_Design.md","config","Markdown文档: OpenCopilot_Global_Context_Awareness_Design.md","OpenCopilot_Development_TODO.md|Project_Documentation_Overview.md|OpenCopilot_Global_Context_Awareness_Design.md"
"33c69c07-2eb0-485d-af53-c22bf59a3cf4","IDE_Extension_Development_Guide.md","config","Markdown文档: IDE_Extension_Development_Guide.md","OpenCopilot_Development_TODO.md|IDE_Extension_Development_Guide.md"
"286b3801-06ed-4e4c-b5a4-1eab67df3ecc","OpenCopilot_Code_Review_Report.md","config","Markdown文档: OpenCopilot_Code_Review_Report.md","OpenCopilot_Development_TODO.md|Project_Documentation_Overview.md|OpenCopilot_Code_Review_Report.md"
"2850e4d7-38e1-4756-9fe4-a212f90c50e3","PPT CoCreation","feature","PPT共创模式","OpenCopilot_Development_TODO.md|PPT_CoCreation_Improvement_Plan.md|PPT_CoCreation_Improvement_Master_Plan.md|Project_Documentation_Overview.md|PPT_CoCreation_Improvement_Strategy.md|Smart_Copilot_API_Redesign.md|Office_Assistant_Comparison.md|PPT_CoCreation_UI_Improvement_Detailed.md|PPT_CoCreation_API_Design.md"
"2f947029-d0e8-4a1a-9856-6843a0cfc4ff","Dual Engine","feature","双引擎架构","OpenCopilot_Development_TODO.md|README.md|Project_Documentation_Overview.md|AI_Coding_Assistants_Comparison.md"
"fdfb71ce-326f-4218-b7b8-29852ffcb95e","Dual Layer","feature","双图层架构","OpenCopilot_Development_TODO.md|README.md|Project_Documentation_Overview.md|AI_Coding_Assistants_Comparison.md|test_docs/tech_spec.md|test_docs/TEST_REPORT.md"
"0bf4a825-9cdf-4260-af90-c2715dcf051d","/context","api","REST API: /context","IDE_Extension_Development_Guide.md|OpenCopilot_Local_Agent_Roadmap.md"
"9623a5f3-4512-4f8b-8fc0-265d7643cac6","/selection","api","REST API: /selection","IDE_Extension_Development_Guide.md|OpenCopilot_Local_Agent_Roadmap.md"
"1ef6acf1-914f-4654-bf1f-e2038579de02","/apply","api","REST API: /apply","IDE_Extension_Development_Guide.md|OpenCopilot_Local_Agent_Roadmap.md"
"048fb02c-c0ca-418b-8e07-6fda80ebb0c9","asu-ide-extension/package.json","config","JSON配置文件: asu-ide-extension/package.json","IDE_Extension_Development_Guide.md"
"99b6611f-0994-4974-8953-0d12ff77992b","OpenCopilot_Broker_Development_Guide.md","config","Markdown文档: OpenCopilot_Broker_Development_Guide.md","IDE_Extension_Development_Guide.md|Project_Documentation_Overview.md|OpenCopilot_Broker_Development_Guide.md"
"dcbc4328-ef8f-4cb6-a81c-eb9c7b8e93b1","UI_Architecture_Guide.md","document","其他文档: OpenCopilot UI 架构说明","UI_Architecture_Guide.md|Project_Documentation_Overview.md"
"fd8ba5dd-f4c8-4ecc-b4d1-449245dbdd64","~/.asu_copilot/config.json","config","JSON配置文件: ~/.asu_copilot/config.json","UI_Architecture_Guide.md|System_Running_Guide.md"
"121b7828-3776-478a-bd51-16672e88018d","Test_Running_Guide.md","document","测试文档文档: 测试运行指南","Test_Running_Guide.md"
"4ca8c527-fa0b-4975-b7dd-04f7ea625287","core/theme_manager.py","config","Python配置文件: core/theme_manager.py","Test_Running_Guide.md|UI_Components_Integration_Guide.md|Office_UI_Optimization_Suggestions.md"
"0c763f03-f70b-488f-9351-69ab96ca5d2c","core/shortcut_manager.py","config","Python配置文件: core/shortcut_manager.py","Test_Running_Guide.md|UI_Components_Integration_Guide.md|Office_UI_Optimization_Suggestions.md"
"7b46478a-1146-4d17-92da-53f99d45b788","widgets/progress_widget.py","config","Python配置文件: widgets/progress_widget.py","Test_Running_Guide.md|UI_Components_Integration_Guide.md|Office_UI_Optimization_Suggestions.md"
"e7bf6927-2efb-413d-aa6f-a00a29f316ea","widgets/settings_dialog.py","config","Python配置文件: widgets/settings_dialog.py","Test_Running_Guide.md|UI_Components_Integration_Guide.md|Office_UI_Optimization_Suggestions.md"
"c70785e3-c1a0-4e77-943e-eb8f0397b281","widgets/context_menu.py","config","Python配置文件: widgets/context_menu.py","Test_Running_Guide.md|UI_Components_Integration_Guide.md|Office_UI_Optimization_Suggestions.md"
"e7bb300e-bdbf-4eac-80b6-201cace5b3ea","widgets/terminology_dialog.py","config","Python配置文件: widgets/terminology_dialog.py","Test_Running_Guide.md|UI_Components_Integration_Guide.md|Office_UI_Optimization_Suggestions.md"
"7062a058-4ce9-4c03-88aa-94343653757e","widgets/file_drop_zone.py","config","Python配置文件: widgets/file_drop_zone.py","Test_Running_Guide.md|UI_Components_Integration_Guide.md|Office_UI_Optimization_Suggestions.md"
"a7c75d32-1f78-467f-afe6-baae84d43b7a","widgets/batch_dialog.py","config","Python配置文件: widgets/batch_dialog.py","Test_Running_Guide.md|UI_Components_Integration_Guide.md|Office_UI_Optimization_Suggestions.md"
"b4e9ab82-53bf-401c-b246-65fa0e825337","widgets/translation_memory.py","config","Python配置文件: widgets/translation_memory.py","Test_Running_Guide.md|UI_Components_Integration_Guide.md|Office_UI_Optimization_Suggestions.md"
"0463088a-9c6a-41ea-b355-f0b5d2790a13","PPT_CoCreation_Improvement_Plan.md","document","PPT共创文档: PPT 共创模式改进计划","PPT_CoCreation_Improvement_Plan.md|PPT_CoCreation_Improvement_Master_Plan.md|Project_Documentation_Overview.md"
"6d5c1da3-a312-4734-9909-604d98b2d125","/api/content/analyze","api","REST API: /api/content/analyze","PPT_CoCreation_Improvement_Plan.md"
"2d76463b-bd7d-4b64-87ea-ae79751afc36","/api/content/convert","api","REST API: /api/content/convert","PPT_CoCreation_Improvement_Plan.md"
"a20648d7-d98b-46d8-af87-7467c43d3a5c","/api/content/update","api","REST API: /api/content/update","PPT_CoCreation_Improvement_Plan.md"
"f42aa8ce-3d04-410a-a966-5e5c1742eec4","/api/content/preview","api","REST API: /api/content/preview","PPT_CoCreation_Improvement_Plan.md"
"8bce3da1-2fd6-40b6-b68c-c86957e99aaa","/api/content/styles","api","REST API: /api/content/styles","PPT_CoCreation_Improvement_Plan.md"
"03108a88-7550-41a4-aa33-d387940b5543","ai_chat_widget.py","config","Python配置文件: ai_chat_widget.py","PPT_CoCreation_Improvement_Plan.md"
"07973f70-18b7-47ef-8f83-170b11861bae","ppt_cocreation/content_converter.py","config","Python配置文件: ppt_cocreation/content_converter.py","PPT_CoCreation_Improvement_Plan.md"
"43e01c7e-46c4-42a7-8e85-3fbd90f58532","content_converter.py","config","Python配置文件: content_converter.py","PPT_CoCreation_Improvement_Plan.md|docs/PPT_CoCreation_Design.md"
"d933644b-1648-4914-bc29-d3d4ed9c02d3","preview_panel.py","config","Python配置文件: preview_panel.py","PPT_CoCreation_Improvement_Plan.md|docs/PPT_CoCreation_Design.md"
"088fd49f-371a-4f20-b904-0f1dd50184a8","outline_panel.py","config","Python配置文件: outline_panel.py","PPT_CoCreation_Improvement_Plan.md"
"29443151-da82-44a3-a1b3-073683e5872b","cocreation_dialog.py","config","Python配置文件: cocreation_dialog.py","PPT_CoCreation_Improvement_Plan.md"
"3efec572-1b49-434a-9f26-3ecfecf4b80f","content_conversion_api.py","config","Python配置文件: content_conversion_api.py","PPT_CoCreation_Improvement_Plan.md"
"39069529-4502-4e3d-bd25-58fbcbf92942","UI_Components_Integration_Guide.md","document","其他文档: OpenCopilot UI 组件集成与运行指南","UI_Components_Integration_Guide.md|Project_Documentation_Overview.md"
"08410d99-7a6c-4fc1-ac07-215b41ade207","~/.asu_copilot/themes.json","config","JSON配置文件: ~/.asu_copilot/themes.json","UI_Components_Integration_Guide.md"
"7ed52d66-42a0-41c0-aa27-e35c294ca9c6","~/.asu_copilot/shortcuts.json","config","JSON配置文件: ~/.asu_copilot/shortcuts.json","UI_Components_Integration_Guide.md"
"092e7b0a-cb7b-4ff9-a5bb-c3833533fb1c","Test_Capability_Report.md","document","测试文档文档: OpenCopilot 测试能力报告","Test_Capability_Report.md"
"41fbab33-d101-4daf-860a-ce479b7d738f","README.md","document","项目入口文档: OpenCopilot (Advanced System Utilities) 🚀","README.md|Project_Documentation_Overview.md"
"53c095ed-fb3c-4172-8906-4bcf55e3d73d","ASU Broker","component","特权代理模块","README.md|OpenCopilot_Next_Gen_Roadmap.md|Project_Documentation_Overview.md|OpenCopilot_Local_Agent_Roadmap.md|AI_Coding_Assistants_Comparison.md|OpenCopilot_Broker_Development_Guide.md|System_Running_Guide.md|test_docs/tech_spec.md"
"d523ca5e-c77f-4beb-bfb8-135c52f60b8b","端口 18888","config","ASU Custom Agent 使用的端口","README.md|System_Running_Guide.md|test_docs/tech_spec.md"
"1aa8e155-ae92-479f-a589-9b4173ec072b","cursor_effects.py","config","Python配置文件: cursor_effects.py","README.md"
"4422f86c-a0cb-4bcd-8995-daae2601dc84","python3 asu_broker/run.py","config","Python配置文件: python3 asu_broker/run.py","README.md"
"a41a0b6e-023d-4883-bfd8-03f2df70e346","Testing_Tools_Guide.md","document","其他文档: OpenCopilot 测试工具使用指南","Testing_Tools_Guide.md"
"db4fd7fa-8e0e-4965-91db-d30c565b7dda","*_test.py","config","Python配置文件: *_test.py","Testing_Tools_Guide.md"
"ce3f20b6-be41-43aa-92fa-c9a8926a318e","locustfile.py","config","Python配置文件: locustfile.py","Testing_Tools_Guide.md"
"19276a2e-7758-4302-a065-aa0505c5ab27","personas/*.md","config","Markdown文档: personas/*.md","OpenCopilot_Next_Gen_Roadmap.md|Project_Documentation_Overview.md|OpenCopilot_Local_Agent_Roadmap.md"
"e40ccfb5-72a6-4526-bc6e-0644bd8242ac","PPT_CoCreation_Improvement_Master_Plan.md","document","PPT共创文档: PPT 共创界面改进总体规划","PPT_CoCreation_Improvement_Master_Plan.md"
"b4c0b9bf-b7d6-4718-9337-4981537309a4","Smart Copilot API","component","旧版API","PPT_CoCreation_Improvement_Master_Plan.md|Project_Documentation_Overview.md"
"7ec03610-7696-4f47-88a5-f7451b0aaec2","/api/ppt/analyze","api","PPT API: /api/ppt/analyze","PPT_CoCreation_Improvement_Master_Plan.md|PPT_CoCreation_API_Design.md"
"6842cbee-23b8-424b-9ca5-9047b3a0ca58","/api/ppt/style/check","api","PPT API: /api/ppt/style/check","PPT_CoCreation_Improvement_Master_Plan.md|PPT_CoCreation_API_Design.md"
"b9ff54aa-ea68-43f2-9273-a9404d4596e6","/api/ppt/suggest","api","PPT API: /api/ppt/suggest","PPT_CoCreation_Improvement_Master_Plan.md|PPT_CoCreation_API_Design.md"
"0629d499-da2a-4a55-bfbe-c62100c37718","/api/ppt/chat","api","PPT API: /api/ppt/chat","PPT_CoCreation_Improvement_Master_Plan.md|PPT_CoCreation_API_Design.md"
"bdf1a384-a54a-4454-9ade-2e20c2cd6dbc","/api/session/create","api","REST API: /api/session/create","PPT_CoCreation_Improvement_Master_Plan.md|PPT_CoCreation_API_Design.md"
"4c510083-23ad-4301-aa54-d52271d2b7f1","/api/session/{id}","api","REST API: /api/session/{id}","PPT_CoCreation_Improvement_Master_Plan.md"
"9444e7e7-2b45-4536-b5f5-f5302beb8de8","/api/ppt/check","api","PPT API: /api/ppt/check","PPT_CoCreation_Improvement_Master_Plan.md|PPT_CoCreation_API_Design.md"
"4da08396-0fa6-49be-b062-0be79307d251","/api/ppt/optimize","api","PPT API: /api/ppt/optimize","PPT_CoCreation_Improvement_Master_Plan.md|PPT_CoCreation_API_Design.md"
"a3bbdd70-16c8-4762-9f35-edfa854e2669","/api/ppt/complete","api","PPT API: /api/ppt/complete","PPT_CoCreation_Improvement_Master_Plan.md|PPT_CoCreation_API_Design.md"
"030eeb1d-6de7-45a6-ab7d-f00aad8eb390","/api/internal/test","api","REST API: /api/internal/test","PPT_CoCreation_Improvement_Master_Plan.md|PPT_CoCreation_API_Design.md"
"30f1784a-0535-4265-876d-b82a124856e8","/api/internal/verify","api","REST API: /api/internal/verify","PPT_CoCreation_Improvement_Master_Plan.md|PPT_CoCreation_API_Design.md"
"48d808aa-d42b-4b6f-9430-40cbc1d96f1a","/api/internal/benchmark","api","REST API: /api/internal/benchmark","PPT_CoCreation_Improvement_Master_Plan.md|PPT_CoCreation_API_Design.md"
"a1e3daf5-a3a7-45f2-ab1a-1ae178b19d52","/api/internal/debug","api","REST API: /api/internal/debug","PPT_CoCreation_Improvement_Master_Plan.md|PPT_CoCreation_API_Design.md"
"70f91759-5649-482f-be8b-1f5c2b382a5a","/api/internal/self-check","api","REST API: /api/internal/self-check","PPT_CoCreation_Improvement_Master_Plan.md|PPT_CoCreation_API_Design.md"
"ca7c912f-7295-4ca4-b147-da20dff75d91","/api/session/{id}/context","api","REST API: /api/session/{id}/context","PPT_CoCreation_Improvement_Master_Plan.md"
"ef92f329-10fe-4884-96f2-3ed89c773915","ppt_cocreation/context_analyzer.py","config","Python配置文件: ppt_cocreation/context_analyzer.py","PPT_CoCreation_Improvement_Master_Plan.md"
"7bc213ff-400f-42f6-9ddb-d0c16b1cf9f5","ppt_cocreation/suggestion_engine.py","config","Python配置文件: ppt_cocreation/suggestion_engine.py","PPT_CoCreation_Improvement_Master_Plan.md"
"f84fa0a8-4e7b-4a1f-a75f-fbfb141404e3","ppt_cocreation/conversation_manager.py","config","Python配置文件: ppt_cocreation/conversation_manager.py","PPT_CoCreation_Improvement_Master_Plan.md"
"2ff5f355-9a73-4b30-b16f-94d7aff247f3","smart_copilot_api.py","config","Python配置文件: smart_copilot_api.py","PPT_CoCreation_Improvement_Master_Plan.md|Project_Documentation_Overview.md"
"43e3e280-99c8-41c3-8d7f-efde537982b8","ppt_cocreation/suggestion_bubble.py","config","Python配置文件: ppt_cocreation/suggestion_bubble.py","PPT_CoCreation_Improvement_Master_Plan.md"
"3b6e8d56-3995-419a-936c-561e519b2d2e","ppt_cocreation/context_panel.py","config","Python配置文件: ppt_cocreation/context_panel.py","PPT_CoCreation_Improvement_Master_Plan.md"
"bebac02e-9530-4b76-ad49-1b3e8f02d74c","PPT_CoCreation_Improvement_Strategy.md","config","Markdown文档: PPT_CoCreation_Improvement_Strategy.md","PPT_CoCreation_Improvement_Master_Plan.md|PPT_CoCreation_Improvement_Strategy.md"
"92ad2b9c-661d-413c-92d7-5605fc47f607","PPT_CoCreation_UI_Improvement_Detailed.md","config","Markdown文档: PPT_CoCreation_UI_Improvement_Detailed.md","PPT_CoCreation_Improvement_Master_Plan.md|PPT_CoCreation_UI_Improvement_Detailed.md"
"a640cbe3-e3d6-4d53-8572-c5ef4720bee8","PPT_CoCreation_API_Design.md","config","Markdown文档: PPT_CoCreation_API_Design.md","PPT_CoCreation_Improvement_Master_Plan.md|PPT_CoCreation_API_Design.md"
"b4d99c9d-dbb2-42a0-b00c-e33bfd526546","Project_Documentation_Overview.md","document","其他文档: OpenCopilot 项目文档全景分析","Project_Documentation_Overview.md"
"954c092c-9135-4808-b5c3-167b1aada0e3","/v1/agent/chat，SSE","api","Agent API: /v1/agent/chat，SSE","Project_Documentation_Overview.md"
"7424d168-b756-459c-89c2-028a425b29e8","端口 8088","config","Smart Copilot API (旧版) 使用的端口","Project_Documentation_Overview.md"
"a60a5511-68d8-46e2-b3bf-6510038ae386","端口 8089","config","Smart Copilot Platform 使用的端口","Project_Documentation_Overview.md"
"01c5fd12-8742-41f9-9582-edea0d0772a8","ppt_generator.py","config","Python配置文件: ppt_generator.py","Project_Documentation_Overview.md|docs/PPT_CoCreation_Design.md"
"32069370-5784-40ef-ae86-9db2105b336d","OpenCopilot_Daemon_Deployment_Plan.md","config","Markdown文档: OpenCopilot_Daemon_Deployment_Plan.md","Project_Documentation_Overview.md|OpenCopilot_Daemon_Deployment_Plan.md"
"1eeb564b-7e78-402d-b691-b0c68e74bb0e","docs/PPT_CoCreation_Design.md","config","Markdown文档: docs/PPT_CoCreation_Design.md","Project_Documentation_Overview.md|docs/PPT_CoCreation_Design.md"
"836af08a-2dd4-4d88-bbc2-5574919040b6","System_Running_Guide.md","config","Markdown文档: System_Running_Guide.md","Project_Documentation_Overview.md|System_Running_Guide.md"
"695ee5ce-49ab-437a-b121-7909d3cbf60e","Office_Assistant_Comparison.md","config","Markdown文档: Office_Assistant_Comparison.md","Project_Documentation_Overview.md|Office_Assistant_Comparison.md"
"079a18cb-5a79-4524-99e4-5a5b98b56894","personas/{action_type}.md","config","Markdown文档: personas/{action_type}.md","Project_Documentation_Overview.md"
"80a6a3ce-e6b4-4bf3-9ff4-31719c09d080","UI_Improvement_Suggestions.md","config","Markdown文档: UI_Improvement_Suggestions.md","Project_Documentation_Overview.md|UI_Improvement_Suggestions.md"
"11504481-c0de-4edc-b396-f2565d0a16d7","dialogs/document_dialog.py","config","Python配置文件: dialogs/document_dialog.py","Office_UI_Optimization_Suggestions.md"
"10fda812-859f-480e-913c-1afd19a08b95","dialogs/translation_dialog.py","config","Python配置文件: dialogs/translation_dialog.py","Office_UI_Optimization_Suggestions.md"
"1c8bb269-75c7-4743-a47e-13954b4914a9","dialogs/polish_dialog.py","config","Python配置文件: dialogs/polish_dialog.py","Office_UI_Optimization_Suggestions.md"
"bbfc26c3-1d1a-4177-ad39-85ff3bf1b16d","/api/context/history?limit=10","api","Context API: /api/context/history?limit=10","Smart_Copilot_API_Redesign.md"
"c767cff0-9c9a-4786-96f5-6a1638425fed","/api/sessions","api","REST API: /api/sessions","Smart_Copilot_API_Redesign.md"
"5e5e1f57-c13b-4c17-b9e7-3ecd742e153a","/api/sessions/{session_id}","api","REST API: /api/sessions/{session_id}","Smart_Copilot_API_Redesign.md"
"7eb38511-cb57-47c3-91b3-8de6652752b1","/api/sessions/{session_id}/messages","api","REST API: /api/sessions/{session_id}/messages","Smart_Copilot_API_Redesign.md"
"92b324ea-cdb2-457e-979d-49ed9179cfb4","/api/probe/frontmost-app","api","REST API: /api/probe/frontmost-app","Smart_Copilot_API_Redesign.md"
"ab11e2fe-92eb-4db1-aa96-1c280538e2af","/api/probe/browser/{browser_name}","api","REST API: /api/probe/browser/{browser_name}","Smart_Copilot_API_Redesign.md"
"8a46496c-f127-41eb-a77f-3409126e0470","/api/probe/screenshot","api","REST API: /api/probe/screenshot","Smart_Copilot_API_Redesign.md"
"aff13d37-4d7f-4782-aeb0-b8ba1ff7677a","/api/ppt/extract","api","PPT API: /api/ppt/extract","Smart_Copilot_API_Redesign.md"
"1bdf985f-7e5e-46d2-9dca-c6aff1eec4d6","/api/ppt/cocreation","api","PPT API: /api/ppt/cocreation","Smart_Copilot_API_Redesign.md"
"527584cf-3903-4d04-83de-e6db58773d68","/api/batch","api","REST API: /api/batch","Smart_Copilot_API_Redesign.md"
"1f433c05-afbf-465f-b7a9-faad1f67b2d8","/api/users","api","REST API: /api/users","Scoring_Workflow_Example.md"
"b99d1c46-8d59-426c-9e13-362b7baafb76","personas/office/business/email.md","config","Markdown文档: personas/office/business/email.md","Scoring_Workflow_Example.md|personas/office/business/email.md"
"efff3025-4658-4e2f-9d79-d43c4dd015ab","personas/office/academic/paper.md","config","Markdown文档: personas/office/academic/paper.md","Scoring_Workflow_Example.md|personas/office/academic/paper.md"
"2c2a0ef1-d361-4bce-815a-d45a360c8fc4","personas/office/technical/documentation.md","config","Markdown文档: personas/office/technical/documentation.md","Scoring_Workflow_Example.md|personas/office/technical/documentation.md"
"a8c43283-fc53-4bf8-a7f9-ffa02a1c159c","personas/translation/technical.md","config","Markdown文档: personas/translation/technical.md","Scoring_Workflow_Example.md|personas/translation/technical.md"
"15f7163a-6a8c-4878-87b5-686e409ebc3e","personas/polish.md","config","Markdown文档: personas/polish.md","Office_Assistant_Comparison.md|personas/polish.md"
"64646835-bae3-4166-b6c1-d55c506483ec","Phase4_Testing_Guide.md","document","测试文档文档: 阶段4 UI组件测试指南","Phase4_Testing_Guide.md"
"d6637513-cc17-4757-8e4a-291a7237e99f","/api/v1/system/frontmost","api","Broker API: /api/v1/system/frontmost","OpenCopilot_Local_Agent_Roadmap.md|OpenCopilot_Broker_Development_Guide.md"
"69bb13b3-be25-4733-9c84-d2ef8400501a","/api/v1/system/clipboard","api","Broker API: /api/v1/system/clipboard","OpenCopilot_Local_Agent_Roadmap.md|OpenCopilot_Broker_Development_Guide.md"
"ed993e33-990a-44bb-8b99-fabcba91577f","/api/v1/system/selection","api","Broker API: /api/v1/system/selection","OpenCopilot_Local_Agent_Roadmap.md|OpenCopilot_Broker_Development_Guide.md"
"a3b4cab2-4212-44de-ab49-b2a368246ba4","/api/v1/apps/notes","api","REST API: /api/v1/apps/notes","OpenCopilot_Local_Agent_Roadmap.md|OpenCopilot_Broker_Development_Guide.md"
"29491a05-4c70-4f60-96ca-527ad163853e","/api/v1/system/screen/front","api","Broker API: /api/v1/system/screen/front","OpenCopilot_Local_Agent_Roadmap.md|OpenCopilot_Broker_Development_Guide.md"
"9a5505cc-0d3a-431e-a9e0-0a5d28aff41c","/api/v1/system/fs/read","api","Broker API: /api/v1/system/fs/read","OpenCopilot_Local_Agent_Roadmap.md|OpenCopilot_Broker_Development_Guide.md"
"cc16bdad-f59f-4c6d-a8bd-8f7e27fa44c5","/api/v1/browser/tabs","api","REST API: /api/v1/browser/tabs","OpenCopilot_Local_Agent_Roadmap.md|OpenCopilot_Broker_Development_Guide.md"
"5a94f0c3-8e33-4cb3-bf3a-10d649bb4b50","/api/v1/browser/dom","api","REST API: /api/v1/browser/dom","OpenCopilot_Local_Agent_Roadmap.md|OpenCopilot_Broker_Development_Guide.md"
"7b39f670-7b2a-40db-981c-0f890dd24d71","/context）","api","REST API: /context）","OpenCopilot_Local_Agent_Roadmap.md"
"840f7705-2068-4db2-8fff-93c060014e87","/selection）","api","REST API: /selection）","OpenCopilot_Local_Agent_Roadmap.md"
"e3d9012d-3489-4ef5-9128-ce1336323f33","/apply，支持全文替换和局部替换）","api","REST API: /apply，支持全文替换和局部替换）","OpenCopilot_Local_Agent_Roadmap.md"
"0a9eda0f-23c6-4496-aaf4-6af94557aeb3","/api/v1/system/capabilities","api","Broker API: /api/v1/system/capabilities","OpenCopilot_Local_Agent_Roadmap.md|OpenCopilot_Broker_Development_Guide.md"
"ef2214e5-bade-4c65-b0a5-2453469ae951","/api/v1/system/shutdown","api","Broker API: /api/v1/system/shutdown","OpenCopilot_Local_Agent_Roadmap.md|OpenCopilot_Broker_Development_Guide.md"
"c906fe44-8934-4fbd-ba6c-a485077b7c1f","/api/chat","api","REST API: /api/chat","OpenCopilot_Local_Agent_Roadmap.md"
"ffe34255-4d53-4a3f-8efc-e422dabfd944","/v1/agent/session/*","api","Agent API: /v1/agent/session/*","OpenCopilot_Local_Agent_Roadmap.md"
"d1c0ce4e-a938-496f-97a4-4d43df81d410","events_probe.py","config","Python配置文件: events_probe.py","OpenCopilot_Local_Agent_Roadmap.md|OpenCopilot_Broker_Development_Guide.md"
"3f0670a6-c39a-4a7c-a0c3-e6a35501d3f1","server.py","config","Python配置文件: server.py","OpenCopilot_Local_Agent_Roadmap.md|OpenCopilot_Broker_Development_Guide.md"
"9e884874-f5a2-4cf3-b36c-ff907c2b16a3","AI_Coding_Assistants_Comparison.md","document","其他文档: OpenCopilot 专属智能体 vs 其他AI编程助手对比分析","AI_Coding_Assistants_Comparison.md"
"48254b2e-f033-4f75-84bf-7d2ce1d30c2e","/api/v1/system/shutdown（需","api","Broker API: /api/v1/system/shutdown（需","OpenCopilot_Broker_Development_Guide.md"
"24668ccb-3e83-480e-a804-8c4664f30f55","端口 18889","config","ASU Broker 使用的端口","OpenCopilot_Broker_Development_Guide.md|test_docs/tech_spec.md"
"0abde677-fd9c-4786-a97a-58f8dcf88cf4","/api/ppt/chat/{session_id}/history","api","PPT API: /api/ppt/chat/{session_id}/history","PPT_CoCreation_API_Design.md"
"19dbe404-15aa-4e7c-911d-87f2cf49411f","/api/ppt/chat/session_001/history","api","PPT API: /api/ppt/chat/session_001/history","PPT_CoCreation_API_Design.md"
"88f653ec-98f5-4a1e-8e98-3d0b9e41862f","/api/session/{session_id}","api","REST API: /api/session/{session_id}","PPT_CoCreation_API_Design.md"
"2c5bb7f1-99b2-44c5-8671-ddf6f04c4510","/api/session/{session_id}/context","api","REST API: /api/session/{session_id}/context","PPT_CoCreation_API_Design.md"
"e9ee9ed6-d0c5-4843-8481-598fa8dfdcc3","python smart_copilot.py","config","Python配置文件: python smart_copilot.py","System_Running_Guide.md"
"9b778ac1-00e3-42a8-bd72-ab2c0a42330b","python asu_broker/run.py","config","Python配置文件: python asu_broker/run.py","System_Running_Guide.md"
"cc8e9b15-8140-4687-b0be-34979104d540",".pytest_cache/README.md","document","项目入口文档: pytest cache directory #",".pytest_cache/README.md"
"b32c0c64-f98e-4999-8e48-c7912f4a250c","personas/default.md","document","其他文档: default","personas/default.md"
"2e2d8b0a-a296-40b9-88f5-3eab0d1ed9b1","test_docs/project_plan.md","document","其他文档: 智能服务中台 Q3 项目规划书","test_docs/project_plan.md"
"aece4d4d-d8af-4317-9408-7bca8c912aeb","test_docs/budget_report.md","document","其他文档: 2025 年度市场部预算执行报告","test_docs/budget_report.md"
"9dab2b07-62d2-4f6d-b9a7-e254972faa2f","test_docs/tech_spec.md","document","其他文档: OpenCopilot 技术规格说明书","test_docs/tech_spec.md"
"d15c711a-1b76-412d-aa43-21ba71180298","test_docs/meeting_notes.md","document","其他文档: 2025 Q3 产品线复盘会议纪要","test_docs/meeting_notes.md"
"ab853b42-fabc-4b8b-a11b-6454ce25cd34","test_docs/api_spec.md","document","其他文档: Payment Gateway API v2.3 接口文档","test_docs/api_spec.md"
"fd7d0971-feba-4636-b6c6-211db6874413","/api/v2/order/create","api","REST API: /api/v2/order/create","test_docs/api_spec.md|test_docs/TEST_REPORT.md"
"ce6d743f-dcce-4517-b823-98795a8ab3fd","/api/v2/order/query","api","REST API: /api/v2/order/query","test_docs/api_spec.md|test_docs/TEST_REPORT.md"
"2592ed8f-1f41-4611-bfe5-f8bf3bbf9e02","/api/v2/refund/create","api","REST API: /api/v2/refund/create","test_docs/api_spec.md|test_docs/TEST_REPORT.md"
"54ecb1cf-0dea-4a60-9455-78f2f74978ec","/api/v2/refund/query","api","REST API: /api/v2/refund/query","test_docs/api_spec.md|test_docs/TEST_REPORT.md"
"fe247928-1e3d-4fdb-ae4a-24f95f5d4889","test_docs/product_spec.md","document","其他文档: SmartLock Pro 智能门锁产品规格书","test_docs/product_spec.md"
"6bddefe6-771c-494d-aa81-24cc2ac20138","test_docs/tiny_doc.md","document","其他文档: 微型测试","test_docs/tiny_doc.md"
"61deefa8-da2d-4e16-8f7a-8fcbbce4143e","test_docs/TEST_REPORT.md","document","其他文档: OpenCopilot 文档全文联动修订功能 —— 验证测试报告","test_docs/TEST_REPORT.md"
"9ca2989f-7955-412f-89e4-5f44c59eadf9","/api/v1/system/fs/office/read","api","Broker API: /api/v1/system/fs/office/read","test_docs/TEST_REPORT.md|test_docs/mixed_release_note.md"
"e3e007a5-bc0e-447a-8546-187b20923538","/api/v2/","api","REST API: /api/v2/","test_docs/TEST_REPORT.md"
"fb6e62b4-a6e0-49b4-b54e-4a097376d42a","python3 asu_custom_agent.py","config","Python配置文件: python3 asu_custom_agent.py","test_docs/TEST_REPORT.md"
"25516f1a-b3e0-490e-b318-e0300643409b","office_probe.py","config","Python配置文件: office_probe.py","test_docs/TEST_REPORT.md"
"4e3a75b3-91c6-45aa-8a56-1d7eda98368d","project_plan.md","config","Markdown文档: project_plan.md","test_docs/TEST_REPORT.md"
"e7632caa-121e-46eb-90b3-eea1222edf2f","tech_spec.md","config","Markdown文档: tech_spec.md","test_docs/TEST_REPORT.md"
"fc875d3d-8b06-472b-a01b-0aa905e15229","meeting_notes.md","config","Markdown文档: meeting_notes.md","test_docs/TEST_REPORT.md"
"0b0001f1-e0a5-4dee-bb4c-1a933b5f76a5","budget_report.md","config","Markdown文档: budget_report.md","test_docs/TEST_REPORT.md"
"c131df26-5d74-46b3-98e6-c4ca6e358e52","api_spec.md","config","Markdown文档: api_spec.md","test_docs/TEST_REPORT.md"
"78b6ee24-a9d4-46c9-84ac-263e293fa331","mixed_release_note.md","config","Markdown文档: mixed_release_note.md","test_docs/TEST_REPORT.md"
"530964de-af21-41d8-961d-f61bdcefb861","test_docs/mixed_release_note.md","document","其他文档: OpenCopilot v2.0 Release Notes - June 2026","test_docs/mixed_release_note.md"
"aa5f045e-3bd2-4664-9c3c-2b164af2646e","/api/v1/system/capabilities)","api","Broker API: /api/v1/system/capabilities)","test_docs/mixed_release_note.md"
"f036ef57-4c49-4a1d-bac5-0926984e9980","system_probe_client.py","config","Python配置文件: system_probe_client.py","test_docs/mixed_release_note.md"
"a0990651-2d5a-4040-9c88-2d54e04b836f","build/bdist.macosx-26.0-arm64/python3.11-standalone/app/collect/idna-3.15.dist-info/licenses/LICENSE.md","document","其他文档: LICENSE","build/bdist.macosx-26.0-arm64/python3.11-standalone/app/collect/idna-3.15.dist-info/licenses/LICENSE.md"
"dd3c4db2-1a26-4601-bfa0-ef09ca406085","build/bdist.macosx-26.0-arm64/python3.11-standalone/app/collect/httpx-0.28.1.dist-info/licenses/LICENSE.md","document","其他文档: LICENSE","build/bdist.macosx-26.0-arm64/python3.11-standalone/app/collect/httpx-0.28.1.dist-info/licenses/LICENSE.md"
"8180052f-d912-439e-bd5c-9c6c8522ee7d","build/bdist.macosx-26.0-arm64/python3.11-standalone/app/collect/httpcore-1.0.9.dist-info/licenses/LICENSE.md","document","其他文档: LICENSE","build/bdist.macosx-26.0-arm64/python3.11-standalone/app/collect/httpcore-1.0.9.dist-info/licenses/LICENSE.md"
"eb6abd1f-c347-4cf4-891e-6c6b656de11a","build/bdist.macosx-26.0-arm64/python3.11-standalone/app/collect/test/ziptestdata/README.md","document","项目入口文档: Test data for `test_zipfile`","build/bdist.macosx-26.0-arm64/python3.11-standalone/app/collect/test/ziptestdata/README.md"
"1ff50cce-84be-4f47-8a23-207b541bad50","testdata_module_inside_zip.py","config","Python配置文件: testdata_module_inside_zip.py","build/bdist.macosx-26.0-arm64/python3.11-standalone/app/collect/test/ziptestdata/README.md"
"eaec0a12-3d1e-49ff-9a7e-b83033e092e2","__main__.py","config","Python配置文件: __main__.py","build/bdist.macosx-26.0-arm64/python3.11-standalone/app/collect/test/ziptestdata/README.md"
"1bb5c378-b318-4eb7-be5d-0476960ea0a5","venv/lib/python3.14/site-packages/starlette-1.2.0.dist-info/licenses/LICENSE.md","document","其他文档: LICENSE","venv/lib/python3.14/site-packages/starlette-1.2.0.dist-info/licenses/LICENSE.md"
"ed95a387-391a-4951-9cd6-b615a07f8be9","venv/lib/python3.14/site-packages/markdown-3.10.2.dist-info/licenses/LICENSE.md","document","其他文档: LICENSE","venv/lib/python3.14/site-packages/markdown-3.10.2.dist-info/licenses/LICENSE.md"
"9a263718-51ae-452c-a839-2c65d0378e77","venv/lib/python3.14/site-packages/httpx-0.28.1.dist-info/licenses/LICENSE.md","document","其他文档: LICENSE","venv/lib/python3.14/site-packages/httpx-0.28.1.dist-info/licenses/LICENSE.md"
"44b48d8d-33f7-4fb6-a414-a1a31c4e5bb5","venv/lib/python3.14/site-packages/pip-26.0.1.dist-info/licenses/src/pip/_vendor/idna/LICENSE.md","document","其他文档: LICENSE","venv/lib/python3.14/site-packages/pip-26.0.1.dist-info/licenses/src/pip/_vendor/idna/LICENSE.md"
"20cf9af4-660e-412c-a54f-056a51b4eaed","venv/lib/python3.14/site-packages/fastapi/.agents/skills/fastapi/SKILL.md","document","其他文档: FastAPI","venv/lib/python3.14/site-packages/fastapi/.agents/skills/fastapi/SKILL.md"
"a1ff9d5c-5b6a-4983-9ebf-972ca7d6a80d","venv/lib/python3.14/site-packages/fastapi/.agents/skills/fastapi/references/other-tools.md","document","其他文档: Other Tools","venv/lib/python3.14/site-packages/fastapi/.agents/skills/fastapi/references/other-tools.md"
"b0d7e66e-932a-4948-ac40-51d90c87fdc3","venv/lib/python3.14/site-packages/fastapi/.agents/skills/fastapi/references/dependencies.md","document","其他文档: Dependency Injection","venv/lib/python3.14/site-packages/fastapi/.agents/skills/fastapi/references/dependencies.md"
"6af771a0-eedf-4d1c-b0b7-5f1663bbb413","venv/lib/python3.14/site-packages/fastapi/.agents/skills/fastapi/references/streaming.md","document","其他文档: Streaming","venv/lib/python3.14/site-packages/fastapi/.agents/skills/fastapi/references/streaming.md"
"16d9fbb3-1a6c-4785-bf8f-638e14187706","venv/lib/python3.14/site-packages/pip/_vendor/idna/LICENSE.md","document","其他文档: LICENSE","venv/lib/python3.14/site-packages/pip/_vendor/idna/LICENSE.md"
"17120314-d50d-4de9-9042-06ff3e9b433d","venv/lib/python3.14/site-packages/httpcore-1.0.9.dist-info/licenses/LICENSE.md","document","其他文档: LICENSE","venv/lib/python3.14/site-packages/httpcore-1.0.9.dist-info/licenses/LICENSE.md"
"66ab5f80-5dda-451b-a54e-673d68fac5df","venv/lib/python3.14/site-packages/idna-3.16.dist-info/licenses/LICENSE.md","document","其他文档: LICENSE","venv/lib/python3.14/site-packages/idna-3.16.dist-info/licenses/LICENSE.md"
"ef388f2d-299f-4b11-afde-6dbc2de8615f","venv/lib/python3.14/site-packages/uvicorn-0.48.0.dist-info/licenses/LICENSE.md","document","其他文档: LICENSE","venv/lib/python3.14/site-packages/uvicorn-0.48.0.dist-info/licenses/LICENSE.md"
"e3f51cce-a91c-4927-8514-f2c74d451c94","personas/office/business/report.md","document","其他文档: 商务报告专家","personas/office/business/report.md"
"0a319abc-a7a5-4140-9adc-a491f95f961a","/api/v1/[endpoint]","api","REST API: /api/v1/[endpoint]","personas/office/technical/documentation.md"
"3e999c51-0dd7-4064-8148-9b9a3c780883","tests/test_data/documents/sample.md","document","其他文档: 测试Markdown文档","tests/test_data/documents/sample.md"
"6903fa38-35b5-4f21-9cd0-5ec244c70cca","TestComponent","component","更新后的测试组件","test.md"
